,marginal_conversions_t1,marginal_spend_t1,marginal_CAC_t1,marginal_conversions_t2,marginal_spend_t2,marginal_CAC_t2,marginal_conversions_t3,marginal_spend_t3,marginal_CAC_t3
referral,1211.0,1000.0,0.8257638315441783,896.0,1000.0,1.1160714285714286,589.0,1000.0,1.697792869269949
email,281.0,1000.0,3.5587188612099645,274.0,1000.0,3.6496350364963503,100.0,1000.0,10.0
direct,1.0,0.0,0.0,0.0,0.0,,4.0,0.0,0.0
social,625.0,1000.0000000000001,1.6,435.0,999.9999999999999,2.2988505747126435,215.0,1000.0,4.651162790697675
display,528.0,1000.0,1.893939393939394,290.0,1000.0,3.4482758620689653,128.0,1000.0,7.8125
paid_search,176.0,999.9999999999999,5.681818181818181,171.0,1000.0000000000001,5.84795321637427,134.0,1000.0,7.462686567164179
organic_search,2.0,0.0,0.0,2.0,0.0,0.0,1.0,0.0,0.0
